{
    "channelId": -0.0005821585655212402,
    "htt_met_dphi": -0.0005174875259399414,
    "htt_scalar_pt": -0.00032341480255126953,
    "rel_met_pt_htt_pt": -0.00019407272338867188,
    "sample_year": 0.0,
    "htt_eta": 6.467103958129883e-05,
    "htt_pt": 0.00012940168380737305,
    "jet_{}_htt_deta": 0.0005821585655212402,
    "rel_jet_{}_M_pt": 0.0014231204986572266,
    "rel_jet_{}_E_pt": 0.004592776298522949,
    "jet_{}_pt": 0.008732795715332031,
    "jet_{}_htt_dphi": 0.0304030179977417,
    "jet_{}_eta": 0.03305518627166748,
    "jet_{}_deepFlavour": 0.07917720079421997
}