{
    "channelId": -0.0001302957534790039,
    "rel_jet_{}_M_pt": -6.514787673950195e-05,
    "sample_year": 0.0,
    "rel_met_pt_htt_pt": 6.508827209472656e-05,
    "htt_scalar_pt": 0.00013023614883422852,
    "htt_eta": 0.00019532442092895508,
    "htt_pt": 0.00026047229766845703,
    "htt_met_dphi": 0.00026047229766845703,
    "rel_jet_{}_E_pt": 0.0015628933906555176,
    "jet_{}_htt_deta": 0.0018885135650634766,
    "jet_{}_pt": 0.010354220867156982,
    "jet_{}_htt_dphi": 0.02891373634338379,
    "jet_{}_eta": 0.03190934658050537,
    "jet_{}_deepFlavour": 0.06049752235412598
}